file,Rinf,Ro,Rh,Qh,Ch,Ph,Fh,pRh,pQh,pCh,Rm,Qm,Cm,Pm,Fm,pRm,pQm,pCm,Rl,Ql,Cl,Pl,Fl,pRl,pQl,pCl,Re,Qe,Pe-f,Pe-i,Res.1Hz,mismatch,m0,mx,mt,Vp,V(.1ms),V(1ms),V(10),V(100),V(200),V(400),V(800),V(1.2s),V(1.6s),model,comment,Linf,Fhigh,Flow,date/time
file,Rinf,Ro,Rh,Qh,Ch,Ph,Fh,pRh,pQh,pCh,Rm,Qm,Cm,Pm,Fm,pRm,pQm,pCm,Rl,Ql,Cl,Pl,Fl,pRl,pQl,pCl,Re,Qe,Pe-f,Pe-i,Res.1Hz,mismatch,m0,mx,mt,Vp,V(.1ms),V(1ms),V(10),V(100),V(200),V(400),V(800),V(1.2s),V(1.6s),model,comment,Linf,Fhigh,Flow,date/time
file,Rinf,Ro,Rh,Qh,Ch,Ph,Fh,pRh,pQh,pCh,Rm,Qm,Cm,Pm,Fm,pRm,pQm,pCm,Rl,Ql,Cl,Pl,Fl,pRl,pQl,pCl,Re,Qe,Pe-f,Pe-i,Res.1Hz,mismatch,m0,mx,mt,Vp,V(.1ms),V(1ms),V(10),V(100),V(200),V(400),V(800),V(1.2s),V(1.6s),model,comment,Linf,Fhigh,Flow,date/time
BC29049-2024-11-07.z,6.71E+02,1.30E+05,1.20E+05,3.38E-10,7.64E-12,7.28E-01,1.74E+05,6.75E+02,3.34E-10,7.55E-12,1.00E+00,1.26E+00,1.59E+00,5.00E-01,1.00E-01,1.44E+10,8.74E-11,1.10E-10,1.03E+04,3.77E-05,2.48E-06,2.59E-01,6.24E+00,1.53E+06,2.34E-07,1.54E-08,1.00E+10,8.81E-04,5.00E-01,1.11E-01,1.28E+05,1.89E+01,4.22E-02,3.95E+00,1.21E+01,1.31E+05,7.32E+04,5.53E+03,3.79E+03,2.18E+03,1.71E+03,1.24E+03,7.54E+02,4.42E+02,2.01E+02,p3Zarc,B,1.00E-09,1.59E+05,6.31E-02,2024-11-19/12:03:52
BC29051-2024-11-07.z,1.98E+03,3.31E+05,2.95E+05,1.21E-10,4.63E-12,7.59E-01,1.17E+05,1.99E+03,1.19E-10,4.57E-12,1.00E+00,1.26E+00,1.59E+00,5.00E-01,1.00E-01,8.83E+10,1.43E-11,1.80E-11,3.39E+04,3.54E-06,8.99E-08,3.66E-01,5.22E+01,2.90E+06,3.72E-08,9.45E-10,1.00E+10,2.66E-05,5.09E-01,-2.00E+00,3.28E+05,6.28E+11,5.45E-02,2.42E+00,8.40E+00,3.36E+05,1.93E+05,1.83E+04,1.01E+04,4.36E+03,3.14E+03,2.09E+03,1.17E+03,6.55E+02,2.89E+02,p3Zarc,B,1.00E-09,1.59E+05,6.31E-02,2024-11-19/12:05:10
BC29053-2024-11-07.z,3.69E+02,1.83E+05,1.56E+05,5.93E-11,4.70E-12,8.21E-01,2.17E+05,3.69E+02,5.90E-11,4.68E-12,1.00E+00,1.26E+00,1.59E+00,5.00E-01,1.00E-01,2.44E+10,5.17E-11,6.52E-11,2.69E+04,7.70E-06,2.55E-08,2.16E-01,2.32E+02,1.07E+06,1.66E-07,5.50E-10,1.00E+10,1.21E-04,5.12E-01,-1.99E+00,1.79E+05,1.22E+01,5.22E-02,4.23E+00,1.30E+01,1.83E+05,1.03E+05,9.54E+03,6.09E+03,3.31E+03,2.58E+03,1.86E+03,1.12E+03,6.58E+02,3.00E+02,p3Zarc,A,1.00E-09,2.51E+05,6.31E-02,2024-11-19/12:06:36
BC29055-2024-11-07.z,1.87E+02,8.42E+04,5.68E+04,9.17E-11,7.51E-12,8.29E-01,3.73E+05,1.88E+02,9.11E-11,7.46E-12,1.00E+00,1.26E+00,1.59E+00,5.00E-01,1.00E-01,3.25E+09,3.88E-10,4.90E-10,2.72E+04,2.60E-06,1.97E-09,2.69E-01,2.97E+03,1.76E+05,2.72E-07,2.06E-10,1.00E+10,1.93E-04,4.49E-01,-2.00E+00,8.27E+04,2.03E+01,8.06E-02,4.20E+00,1.37E+01,8.44E+04,5.02E+04,6.81E+03,3.67E+03,1.71E+03,1.27E+03,8.82E+02,5.13E+02,2.94E+02,1.32E+02,p3Zarc,A,1.00E-09,3.98E+05,1.59E-01,2024-11-19/12:07:55
BC29055-2024-11-07.z,1.87E+02,8.42E+04,5.68E+04,9.17E-11,7.51E-12,8.29E-01,3.73E+05,1.88E+02,9.11E-11,7.46E-12,1.00E+00,1.26E+00,1.59E+00,5.00E-01,1.00E-01,3.25E+09,3.88E-10,4.90E-10,2.72E+04,2.60E-06,1.97E-09,2.69E-01,2.97E+03,1.76E+05,2.72E-07,2.06E-10,1.00E+10,1.93E-04,4.49E-01,-2.00E+00,8.27E+04,2.03E+01,8.06E-02,4.20E+00,1.37E+01,8.44E+04,5.02E+04,6.81E+03,3.67E+03,1.71E+03,1.27E+03,8.82E+02,5.13E+02,2.94E+02,1.32E+02,p3Zarc,B,1.00E-09,3.98E+05,1.59E-01,2024-11-19/12:08:10
BC29060-2024-11-07.z,2.64E+03,2.65E+05,2.29E+05,1.47E-10,5.09E-12,7.54E-01,1.36E+05,2.67E+03,1.43E-10,4.97E-12,1.00E+00,1.26E+00,1.59E+00,5.00E-01,1.00E-01,5.38E+10,2.34E-11,2.96E-11,3.30E+04,2.60E-06,1.11E-08,3.10E-01,4.37E+02,1.87E+06,4.03E-08,1.71E-10,1.00E+10,8.06E-05,4.80E-01,-2.04E+00,2.63E+05,2.48E+11,4.45E-02,2.04E+00,6.90E+00,2.69E+05,1.53E+05,1.20E+04,6.25E+03,2.77E+03,2.03E+03,1.38E+03,7.89E+02,4.47E+02,1.99E+02,p3Zarc,B,1.00E-09,1.59E+05,1.59E-01,2024-11-19/12:09:05
BC29061-2024-11-07.z,2.34E+03,3.19E+05,2.95E+05,1.54E-10,5.15E-12,7.46E-01,1.05E+05,2.36E+03,1.52E-10,5.07E-12,1.00E+00,1.26E+00,1.59E+00,5.00E-01,1.00E-01,8.82E+10,1.43E-11,1.81E-11,2.21E+04,4.85E-06,5.25E-07,5.01E-01,1.37E+01,4.29E+06,2.33E-08,2.52E-09,1.00E+10,2.54E-05,5.01E-01,-1.99E+00,3.18E+05,4.82E+01,5.12E-02,1.56E+00,6.15E+00,3.25E+05,1.85E+05,1.66E+04,9.42E+03,3.39E+03,2.25E+03,1.38E+03,7.15E+02,3.83E+02,1.64E+02,p3Zarc,B,1.00E-09,1.59E+05,6.31E-02,2024-11-19/12:12:40
BC29061-2024-11-07.z,2.34E+03,3.19E+05,2.95E+05,1.54E-10,5.15E-12,7.46E-01,1.05E+05,2.36E+03,1.52E-10,5.07E-12,1.00E+00,1.26E+00,1.59E+00,5.00E-01,1.00E-01,8.82E+10,1.43E-11,1.81E-11,2.21E+04,4.85E-06,5.25E-07,5.01E-01,1.37E+01,4.29E+06,2.33E-08,2.52E-09,1.00E+10,2.54E-05,5.01E-01,-1.99E+00,3.18E+05,4.82E+01,5.12E-02,1.56E+00,6.15E+00,3.25E+05,1.85E+05,1.66E+04,9.42E+03,3.39E+03,2.25E+03,1.38E+03,7.15E+02,3.83E+02,1.64E+02,p3Zarc,B,1.00E-09,1.59E+05,6.31E-02,2024-11-19/12:13:34
BC29062-2024-11-07.z,1.38E+03,2.92E+05,2.84E+05,3.25E-11,3.76E-12,8.43E-01,1.49E+05,1.38E+03,3.22E-11,3.73E-12,1.00E+00,1.26E+00,1.59E+00,5.00E-01,1.00E-01,8.16E+10,1.55E-11,1.95E-11,5.95E+03,2.65E-05,5.62E-07,3.24E-01,4.76E+01,1.40E+07,1.10E-08,2.34E-10,1.00E+10,2.10E-05,4.06E-01,-2.01E+00,2.91E+05,1.21E+12,1.04E-02,5.86E-01,2.05E+00,2.96E+05,1.58E+05,3.07E+03,1.82E+03,8.58E+02,6.35E+02,4.36E+02,2.50E+02,1.42E+02,6.34E+01,p3Zarc,C,1.00E-09,1.59E+05,1.00E-01,2024-11-19/12:15:31
BC29064-2024-11-07.z,4.25E+03,5.38E+05,4.26E+05,4.93E-10,6.53E-12,6.62E-01,5.72E+04,4.30E+03,4.83E-10,6.40E-12,1.00E+00,1.26E+00,1.59E+00,5.00E-01,1.00E-01,1.85E+11,6.82E-12,8.60E-12,1.08E+05,2.48E-06,9.62E-08,2.89E-01,1.53E+01,2.15E+06,9.96E-08,3.87E-09,1.00E+10,6.42E-04,5.27E-01,-1.99E+00,5.19E+05,5.35E+11,1.13E-01,8.39E+00,2.63E+01,5.41E+05,3.38E+05,6.14E+04,3.89E+04,2.05E+04,1.57E+04,1.11E+04,6.58E+03,3.80E+03,1.72E+03,p3Zarc,C,1.00E-09,6.31E+04,1.00E-01,2024-11-19/12:16:17
BC29066-2024-11-07.z,1.25E+03,4.06E+05,4.70E+04,3.00E-11,5.88E-12,8.92E-01,5.76E+05,1.28E+03,2.84E-11,5.58E-12,1.00E+00,1.26E+00,1.59E+00,5.00E-01,1.00E-01,2.33E+09,5.43E-10,6.85E-10,3.58E+05,4.80E-08,1.23E-10,4.05E-01,3.61E+03,5.47E+04,3.73E-08,9.56E-11,1.00E+10,1.53E-04,7.05E-01,8.79E-02,4.02E+05,1.66E+10,1.48E-01,3.25E+00,1.23E+01,4.16E+05,2.97E+05,6.15E+04,2.35E+04,8.12E+03,5.57E+03,3.57E+03,1.93E+03,1.06E+03,4.63E+02,p3Zarc,C,1.00E-09,1.59E+05,1.00E-01,2024-11-19/12:17:33
BC29067-2024-11-07.z,2.33E+02,1.58E+05,7.73E+04,2.64E-10,8.61E-12,7.59E-01,2.39E+05,2.33E+02,2.62E-10,8.56E-12,1.00E+00,1.26E+00,1.59E+00,5.00E-01,1.00E-01,6.02E+09,2.10E-10,2.65E-10,8.05E+04,3.21E-06,2.89E-09,1.62E-01,6.85E+02,1.52E+05,8.34E-07,7.49E-10,1.00E+10,1.21E-04,3.19E-01,3.01E-01,1.43E+05,1.23E+01,1.53E-01,1.48E+01,4.39E+01,1.49E+05,9.52E+04,2.29E+04,1.53E+04,8.86E+03,7.05E+03,5.21E+03,3.22E+03,1.91E+03,8.78E+02,p3Zarc,C,1.00E-09,1.59E+05,1.00E-01,2024-11-19/12:19:36
BC29071-2024-11-07.z,1.62E+02,1.93E+04,1.60E+04,6.37E-12,1.17E-11,1.04E+00,8.54E+05,1.63E+02,6.24E-12,1.14E-11,1.00E+00,1.26E+00,1.59E+00,5.00E-01,1.00E-01,2.61E+08,4.84E-09,6.11E-09,3.11E+03,4.04E-06,8.32E-09,4.14E-01,6.15E+03,9.99E+04,1.06E-07,2.17E-10,1.00E+10,1.14E-03,1.92E-01,-2.09E+00,1.92E+04,4.08E+01,2.17E-02,4.54E-01,1.84E+00,1.94E+04,1.07E+04,4.20E+02,1.57E+02,5.33E+01,3.64E+01,2.33E+01,1.25E+01,6.87E+00,3.00E+00,p3Zarc,A,1.00E-09,6.31E+05,2.51E-02,2024-11-19/12:22:36
BC29072-2024-11-07.z,6.41E+03,4.83E+05,4.17E+05,4.91E-09,2.77E-11,5.45E-01,1.38E+04,6.50E+03,4.77E-09,2.69E-11,1.00E+00,1.26E+00,1.59E+00,5.00E-01,1.00E-01,1.79E+11,7.05E-12,8.89E-12,6.01E+04,6.07E-06,8.72E-07,3.42E-01,3.04E+00,3.40E+06,9.38E-08,1.35E-08,1.00E+10,1.34E-04,4.91E-01,1.02E-01,4.69E+05,2.77E+00,1.23E-01,7.50E+00,2.40E+01,4.91E+05,3.33E+05,6.06E+04,3.42E+04,1.74E+04,1.31E+04,9.16E+03,5.33E+03,3.05E+03,1.37E+03,p3Zarc,C,1.00E-09,1.00E+04,3.98E-02,2024-11-19/12:23:42
BC29074-2024-11-07.z,1.72E+02,6.05E+04,5.21E+04,5.14E-11,8.10E-12,8.74E-01,3.77E+05,1.73E+02,5.11E-11,8.04E-12,1.00E+00,1.26E+00,1.59E+00,5.00E-01,1.00E-01,2.73E+09,4.62E-10,5.82E-10,8.17E+03,2.17E-05,2.94E-07,2.87E-01,6.63E+01,3.87E+05,3.96E-07,5.37E-09,1.00E+10,5.74E-03,5.18E-01,1.22E-01,5.94E+04,1.01E+01,6.19E-02,4.09E+00,1.31E+01,6.03E+04,3.41E+04,3.74E+03,2.30E+03,1.15E+03,8.71E+02,6.10E+02,3.57E+02,2.05E+02,9.22E+01,p3Zarc,B,1.00E-09,3.98E+05,1.00E-01,2024-11-19/12:24:42
BC29076-2024-11-07.z,2.82E+02,8.83E+04,7.08E+04,1.08E-10,9.33E-12,8.28E-01,2.41E+05,2.83E+02,1.07E-10,9.25E-12,1.00E+00,1.26E+00,1.59E+00,5.00E-01,1.00E-01,5.05E+09,2.50E-10,3.15E-10,1.73E+04,5.61E-06,2.48E-08,3.01E-01,3.71E+02,3.64E+05,2.14E-07,9.48E-10,1.00E+10,2.11E-03,4.91E-01,1.63E-01,8.71E+04,5.54E+00,7.03E-02,3.55E+00,1.18E+01,8.88E+04,5.16E+04,6.24E+03,3.41E+03,1.56E+03,1.15E+03,7.91E+02,4.54E+02,2.59E+02,1.16E+02,p3Zarc,B,1.00E-09,2.51E+05,6.31E-02,2024-11-19/12:25:40
BC29080-2024-11-07.z,3.92E+02,1.27E+05,1.17E+05,3.28E-11,4.36E-12,8.61E-01,3.14E+05,3.93E+02,3.26E-11,4.33E-12,1.00E+00,1.26E+00,1.59E+00,5.00E-01,1.00E-01,1.37E+10,9.23E-11,1.17E-10,1.04E+04,1.78E-05,2.42E-07,2.82E-01,6.33E+01,1.43E+06,1.19E-07,1.62E-09,1.00E+10,3.43E-04,4.84E-01,-2.06E+00,1.26E+05,4.25E+01,3.72E-02,2.53E+00,8.11E+00,1.28E+05,7.01E+04,4.74E+03,2.95E+03,1.49E+03,1.13E+03,7.95E+02,4.67E+02,2.69E+02,1.21E+02,p3Zarc,B,1.00E-09,3.98E+05,1.00E-01,2024-11-19/12:26:33
BC29082-2024-11-07.z,4.95E+02,1.43E+06,1.21E+06,4.08E-10,6.70E-12,6.50E-01,1.97E+04,4.96E+02,4.08E-10,6.69E-12,1.00E+00,1.26E+00,1.59E+00,5.00E-01,1.00E-01,1.46E+12,8.64E-13,1.09E-12,2.23E+05,1.59E-06,1.55E-07,3.08E-01,4.60E+00,7.75E+06,3.87E-08,3.77E-09,1.00E+10,3.69E-04,5.75E-01,1.91E-03,1.38E+06,1.52E+01,1.09E-01,8.26E+00,2.57E+01,1.46E+06,9.48E+05,1.58E+05,9.94E+04,5.37E+04,4.14E+04,2.94E+04,1.74E+04,1.01E+04,4.55E+03,p3Zarc,C,1.00E-09,2.51E+04,1.00E-01,2024-11-19/12:27:15
BC29083-2024-11-07.z,2.36E+02,1.62E+05,1.37E+05,3.62E-10,6.92E-12,7.15E-01,1.68E+05,2.36E+02,3.61E-10,6.90E-12,1.00E+00,1.26E+00,1.59E+00,5.00E-01,1.00E-01,1.89E+10,6.67E-11,8.42E-11,2.46E+04,8.09E-06,1.29E-07,2.81E-01,5.02E+01,9.07E+05,1.86E-07,2.97E-09,1.00E+10,1.12E-03,5.90E-01,-3.73E-02,1.59E+05,1.14E+11,7.26E-02,4.96E+00,1.58E+01,1.63E+05,9.50E+04,1.18E+04,7.29E+03,3.72E+03,2.82E+03,1.99E+03,1.17E+03,6.74E+02,3.04E+02,p3Zarc,C,1.00E-09,2.51E+05,1.00E-01,2024-11-19/12:27:59
BC29089-2024-11-07.z,1.78E+02,9.55E+04,8.15E+04,4.37E-10,9.37E-12,7.27E-01,2.09E+05,1.79E+02,4.35E-10,9.33E-12,1.00E+00,1.26E+00,1.59E+00,5.00E-01,1.00E-01,6.67E+09,1.89E-10,2.39E-10,1.38E+04,2.26E-05,3.42E-07,2.17E-01,3.36E+01,5.64E+05,4.74E-07,7.18E-09,1.00E+10,6.74E-04,4.62E-01,1.72E-01,9.25E+04,1.84E+01,6.21E-02,5.66E+00,1.71E+01,9.49E+04,5.43E+04,5.89E+03,3.93E+03,2.23E+03,1.76E+03,1.28E+03,7.83E+02,4.61E+02,2.11E+02,p3Zarc,C,1.00E-09,2.51E+05,1.00E-01,2024-11-19/12:53:48
BC29104-2024-11-07.z,3.04E+02,1.68E+05,1.20E+05,1.98E-10,7.51E-12,7.65E-01,1.77E+05,3.04E+02,1.97E-10,7.47E-12,1.00E+00,1.26E+00,1.59E+00,5.00E-01,1.00E-01,1.45E+10,8.70E-11,1.10E-10,4.79E+04,7.85E-07,1.40E-10,2.76E-01,2.38E+04,4.24E+05,6.35E-08,1.13E-11,1.00E+10,3.46E-04,4.01E-01,-2.13E+00,1.67E+05,1.13E+01,4.57E-02,2.03E+00,6.82E+00,1.71E+05,9.88E+04,7.82E+03,3.87E+03,1.72E+03,1.26E+03,8.68E+02,5.00E+02,2.85E+02,1.28E+02,p3Zarc,C,1.00E-09,2.51E+05,1.00E-01,2024-11-19/12:54:43
BC29106-2024-11-07.z,1.19E+03,1.76E+05,1.27E+05,5.75E-10,9.98E-12,7.02E-01,1.26E+05,1.20E+03,5.64E-10,9.79E-12,1.00E+00,1.26E+00,1.59E+00,5.00E-01,1.00E-01,1.63E+10,7.73E-11,9.75E-11,4.85E+04,2.14E-06,2.02E-08,3.27E-01,1.63E+02,4.64E+05,1.62E-07,1.53E-09,1.00E+10,1.17E-03,4.95E-01,-2.06E+00,1.73E+05,2.54E+01,1.18E-01,5.50E+00,1.85E+01,1.78E+05,1.12E+05,2.10E+04,1.13E+04,5.02E+03,3.66E+03,2.48E+03,1.41E+03,7.97E+02,3.54E+02,p3Zarc,C,1.00E-09,2.51E+05,3.98E-02,2024-11-19/12:56:16
BC29110-2024-11-07.z,1.41E+02,5.83E+04,5.37E+04,8.02E-11,9.69E-12,8.54E-01,3.06E+05,1.42E+02,7.97E-11,9.64E-12,1.00E+00,1.26E+00,1.59E+00,5.00E-01,1.00E-01,2.90E+09,4.36E-10,5.49E-10,4.45E+03,5.02E-05,8.00E-07,2.66E-01,4.47E+01,7.05E+05,2.93E-07,4.66E-09,1.00E+10,1.74E-03,4.84E-01,-2.03E+00,5.76E+04,3.57E+01,3.50E-02,2.65E+00,8.37E+00,5.84E+04,3.20E+04,2.04E+03,1.31E+03,6.93E+02,5.32E+02,3.78E+02,2.25E+02,1.30E+02,5.89E+01,p3Zarc,A,1.00E-09,3.98E+05,2.51E-01,2024-11-19/12:58:12
BC29112-2024-11-08.z,2.56E+02,6.77E+04,5.93E+04,2.33E-10,1.01E-11,7.81E-01,2.67E+05,2.57E+02,2.31E-10,9.98E-12,1.00E+00,1.26E+00,1.59E+00,5.00E-01,1.00E-01,3.54E+09,3.56E-10,4.49E-10,8.19E+03,3.36E-05,7.34E-07,2.53E-01,2.65E+01,4.92E+05,4.91E-07,1.07E-08,1.00E+10,1.21E-03,5.15E-01,-3.79E-03,6.62E+04,1.22E+10,5.71E-02,4.77E+00,1.47E+01,6.75E+04,3.81E+04,3.85E+03,2.55E+03,1.40E+03,1.09E+03,7.80E+02,4.69E+02,2.73E+02,1.24E+02,p3Zarc,A,1.00E-09,3.98E+05,6.31E-02,2024-11-19/12:59:01
BC29113-2024-11-08.z,1.10E+03,2.27E+06,2.12E+06,2.87E-10,9.75E-12,6.86E-01,7.71E+03,1.11E+03,2.87E-10,9.74E-12,1.00E+00,1.26E+00,1.59E+00,5.00E-01,1.00E-01,4.49E+12,2.81E-13,3.54E-13,1.53E+05,1.56E-06,1.28E-07,3.65E-01,8.14E+00,3.15E+07,7.03E-09,5.79E-10,1.00E+10,2.55E-05,5.63E-01,1.46E-01,2.25E+06,3.69E+01,6.71E-02,2.89E+00,9.81E+00,2.37E+06,1.59E+06,1.59E+05,7.73E+04,3.51E+04,2.57E+04,1.74E+04,9.85E+03,5.55E+03,2.46E+03,p3Zarc,A,1.00E-09,1.00E+04,1.59E-01,2024-11-19/12:59:34
BC29116-2024-11-07.z,1.50E+03,8.91E+05,8.32E+05,1.36E-09,1.74E-11,6.09E-01,1.10E+04,1.51E+03,1.36E-09,1.73E-11,1.00E+00,1.26E+00,1.59E+00,5.00E-01,1.00E-01,6.95E+11,1.81E-12,2.29E-12,5.66E+04,5.11E-06,1.65E-06,5.23E-01,1.70E+00,1.31E+07,2.07E-08,6.67E-09,1.00E+10,2.19E-04,5.93E-01,1.51E-01,8.81E+05,7.97E+00,8.45E-02,3.79E+00,1.36E+01,9.23E+05,6.12E+05,7.80E+04,4.43E+04,2.09E+04,1.48E+04,9.43E+03,4.96E+03,2.67E+03,1.15E+03,p3Zarc,B,1.00E-09,1.59E+04,1.59E-01,2024-11-19/13:00:10
BC29116-2024-11-07.z,1.50E+03,8.91E+05,8.32E+05,1.36E-09,1.74E-11,6.09E-01,1.10E+04,1.51E+03,1.36E-09,1.73E-11,1.00E+00,1.26E+00,1.59E+00,5.00E-01,1.00E-01,6.95E+11,1.81E-12,2.29E-12,5.66E+04,5.11E-06,1.65E-06,5.23E-01,1.70E+00,1.31E+07,2.07E-08,6.67E-09,1.00E+10,2.19E-04,5.93E-01,1.51E-01,8.81E+05,7.97E+00,8.45E-02,3.79E+00,1.36E+01,9.23E+05,6.12E+05,7.80E+04,4.43E+04,2.09E+04,1.48E+04,9.43E+03,4.96E+03,2.67E+03,1.15E+03,p3Zarc,B,1.00E-09,1.59E+04,1.59E-01,2024-11-19/13:00:30
BC29121-2024-11-08.z,3.54E+03,3.11E+05,3.00E+05,4.31E-09,2.77E-11,5.69E-01,1.91E+04,3.58E+03,4.21E-09,2.71E-11,1.00E+00,1.26E+00,1.59E+00,5.00E-01,1.00E-01,9.23E+10,1.37E-11,1.72E-11,7.12E+03,5.64E-05,2.76E-05,5.61E-01,8.11E-01,1.33E+07,2.95E-08,1.44E-08,1.00E+10,1.19E-04,6.10E-01,-2.03E+00,3.09E+05,3.69E+00,5.06E-02,1.99E+00,7.11E+00,3.22E+05,2.02E+05,1.63E+04,7.74E+03,3.70E+03,2.66E+03,1.72E+03,9.08E+02,4.87E+02,2.08E+02,p3Zarc,B,1.00E-09,2.51E+04,1.59E-01,2024-11-19/13:01:01
BC29126-2024-11-08.z,2.51E+04,5.33E+05,3.82E+05,9.37E-10,1.95E-11,6.72E-01,2.14E+04,2.68E+04,8.25E-10,1.72E-11,1.00E+00,1.26E+00,1.59E+00,5.00E-01,1.00E-01,1.66E+11,7.62E-12,9.61E-12,1.26E+05,7.49E-07,1.90E-09,2.83E-01,6.64E+02,1.72E+06,4.19E-08,1.06E-10,1.00E+10,7.36E-04,5.49E-01,-2.08E+00,5.24E+05,1.93E+01,9.05E-02,4.06E+00,1.35E+01,5.48E+05,3.57E+05,4.96E+04,2.45E+04,1.10E+04,8.10E+03,5.57E+03,3.21E+03,1.83E+03,8.21E+02,p3Zarc,B,1.00E-09,2.51E+04,1.59E-01,2024-11-19/13:01:34
BC29127-2024-11-08.z,7.20E+03,4.58E+05,3.84E+05,1.94E-09,1.57E-11,5.99E-01,2.64E+04,7.33E+03,1.86E-09,1.51E-11,1.00E+00,1.26E+00,1.59E+00,5.00E-01,1.00E-01,1.53E+11,8.24E-12,1.04E-11,6.63E+04,3.60E-06,1.67E-07,3.18E-01,1.44E+01,2.70E+06,7.55E-08,3.50E-09,1.00E+10,2.02E-04,7.06E-01,6.82E-03,4.47E+05,8.30E+00,1.02E-01,5.91E+00,1.92E+01,4.67E+05,3.00E+05,4.74E+04,2.70E+04,1.32E+04,9.91E+03,6.87E+03,3.99E+03,2.28E+03,1.02E+03,p3Zarc,C,1.00E-09,3.98E+04,1.59E-02,2024-11-19/13:04:24
BC29131-2024-11-07.z,1.34E+04,1.49E+06,1.31E+06,2.30E-09,2.62E-11,5.65E-01,4.65E+03,1.35E+04,2.26E-09,2.57E-11,1.00E+00,1.26E+00,1.59E+00,5.00E-01,1.00E-01,1.74E+12,7.23E-13,9.12E-13,1.71E+05,1.28E-06,2.09E-07,4.56E-01,4.45E+00,1.15E+07,1.68E-08,2.74E-09,1.00E+10,1.57E-05,4.84E-01,-2.01E+00,1.47E+06,8.20E+11,1.56E-01,5.55E+00,2.00E+01,1.53E+06,1.12E+06,2.39E+05,1.19E+05,5.01E+04,3.50E+04,2.26E+04,1.21E+04,6.62E+03,2.87E+03,p3Zarc,C,1.00E-09,6.31E+03,1.00E-01,2024-11-19/13:05:20
BC29133-2024-11-08.z,1.47E+02,4.70E+06,2.98E+06,3.81E-10,1.34E-11,6.70E-01,3.98E+03,1.47E+02,3.81E-10,1.34E-11,1.00E+00,1.26E+00,1.59E+00,5.00E-01,1.00E-01,8.89E+12,1.42E-13,1.79E-13,1.72E+06,8.97E-08,4.32E-10,2.59E-01,2.14E+02,8.15E+06,1.20E-08,5.79E-11,1.00E+10,7.27E-06,5.72E-01,-8.89E-02,4.50E+06,5.55E+12,2.00E-01,9.55E+00,3.09E+01,4.73E+06,3.74E+06,9.45E+05,4.56E+05,2.13E+05,1.60E+05,1.12E+05,6.54E+04,3.77E+04,1.70E+04,p3Zarc,C,1.00E-09,2.51E+03,1.59E-01,2024-11-19/13:06:06
BC29141-2024-11-08.z,1.65E+04,4.24E+05,3.55E+05,1.96E-09,2.23E-11,6.19E-01,2.02E+04,1.72E+04,1.79E-09,2.03E-11,1.00E+00,1.26E+00,1.59E+00,5.00E-01,1.00E-01,1.38E+11,9.15E-12,1.15E-11,5.26E+04,3.64E-06,1.37E-07,3.35E-01,2.20E+01,3.00E+06,5.60E-08,2.11E-09,1.00E+10,4.43E-05,5.13E-01,-2.00E+00,4.17E+05,1.74E+11,8.89E-02,4.34E+00,1.45E+01,4.35E+05,2.80E+05,3.87E+04,2.06E+04,9.49E+03,6.99E+03,4.77E+03,2.72E+03,1.54E+03,6.86E+02,p3Zarc,C,1.00E-09,2.51E+04,6.31E-02,2024-11-19/13:06:46
BC29144-2024-11-08.z,1.41E+01,5.49E+04,2.72E+04,3.48E-11,1.01E-11,9.18E-01,5.82E+05,1.41E+01,3.48E-11,1.01E-11,1.00E+00,1.26E+00,1.59E+00,5.00E-01,1.00E-01,7.39E+08,1.71E-09,2.15E-09,2.77E+04,1.13E-06,3.59E-11,2.51E-01,1.60E+05,5.38E+04,2.87E-07,9.16E-12,1.00E+10,4.48E-02,4.62E-01,-7.47E-02,5.42E+04,4.19E+09,5.81E-02,2.91E+00,9.55E+00,5.52E+04,3.20E+04,3.21E+03,1.67E+03,7.70E+02,5.74E+02,3.99E+02,2.32E+02,1.33E+02,5.99E+01,p3Zarc,C,1.00E-09,3.98E+05,1.00E-01,2024-11-19/13:08:07
BC29146-2024-11-08.z,2.22E+01,5.40E+05,4.28E+04,8.56E-11,6.48E-12,8.29E-01,5.74E+05,2.22E+01,8.55E-11,6.48E-12,1.00E+00,1.26E+00,1.59E+00,5.00E-01,1.00E-01,1.83E+09,6.89E-10,8.70E-10,4.97E+05,2.27E-08,5.45E-12,3.50E-01,5.87E+04,4.65E+04,1.92E-08,4.62E-12,1.00E+10,9.71E-01,1.90E+00,-3.00E+00,5.36E+05,4.36E+11,7.84E-02,2.19E+00,7.90E+00,5.59E+05,3.63E+05,4.38E+04,1.79E+04,6.79E+03,4.80E+03,3.16E+03,1.75E+03,9.80E+02,4.32E+02,p3Zarc,C,1.00E-09,2.51E+04,3.98E+02,2024-11-19/13:11:45
BC29148-2024-11-08.z,3.80E+02,1.33E+05,1.23E+05,1.28E-09,1.27E-11,6.55E-01,1.02E+05,3.81E+02,1.27E-09,1.26E-11,1.00E+00,1.26E+00,1.59E+00,5.00E-01,1.00E-01,1.52E+10,8.31E-11,1.05E-10,9.23E+03,1.48E-05,2.19E-07,3.21E-01,7.86E+01,1.77E+06,7.19E-08,1.07E-09,1.00E+10,9.32E-05,4.48E-01,-2.01E+00,1.32E+05,1.86E+01,3.77E-02,1.78E+00,6.02E+00,1.35E+05,7.73E+04,5.09E+03,2.69E+03,1.21E+03,8.88E+02,6.06E+02,3.46E+02,1.96E+02,8.74E+01,p3Zarc,A,1.00E-09,1.00E+05,2.51E-01,2024-11-19/13:13:04
BC29150-2024-11-08.z,1.43E+01,2.14E+04,1.04E+04,9.59E-11,2.05E-11,9.00E-01,7.46E+05,1.43E+01,9.56E-11,2.05E-11,1.00E+00,1.26E+00,1.59E+00,5.00E-01,1.00E-01,1.08E+08,1.17E-08,1.47E-08,1.10E+04,4.58E-06,1.92E-10,2.29E-01,7.58E+04,2.03E+04,1.20E-06,5.04E-11,1.00E+10,1.34E-03,3.02E-01,1.26E-01,2.09E+04,1.05E+01,7.69E-02,4.47E+00,1.43E+01,2.13E+04,1.26E+04,1.64E+03,9.04E+02,4.40E+02,3.32E+02,2.34E+02,1.38E+02,7.98E+01,3.60E+01,p3Zarc,C,1.00E-09,3.98E+05,6.31E-02,2024-11-19/13:13:58
BC29153-2024-11-06.z,1.78E+03,5.65E+04,3.28E+04,2.55E-10,5.32E-11,8.82E-01,9.12E+04,1.87E+03,2.30E-10,4.79E-11,1.00E+00,1.26E+00,1.59E+00,5.00E-01,1.00E-01,1.19E+09,1.06E-09,1.33E-09,2.20E+04,1.47E-07,2.24E-09,5.78E-01,3.24E+03,8.88E+04,2.22E-08,3.38E-10,1.00E+10,4.79E-06,1.81E-01,2.02E-01,5.65E+04,8.29E+12,3.52E-02,2.52E-01,1.35E+00,5.82E+04,3.59E+04,2.05E+03,4.85E+02,1.15E+02,7.12E+01,4.15E+01,2.05E+01,1.08E+01,4.55E+00,p3Zarc,C,1.00E-09,1.00E+06,2.51E-02,2024-11-19/13:14:49
BC29153-2024-11-06.z,1.78E+03,5.65E+04,3.28E+04,2.55E-10,5.32E-11,8.82E-01,9.12E+04,1.87E+03,2.30E-10,4.79E-11,1.00E+00,1.26E+00,1.59E+00,5.00E-01,1.00E-01,1.19E+09,1.06E-09,1.33E-09,2.20E+04,1.47E-07,2.24E-09,5.78E-01,3.24E+03,8.88E+04,2.22E-08,3.38E-10,1.00E+10,4.79E-06,1.81E-01,2.02E-01,5.65E+04,8.29E+12,3.52E-02,2.52E-01,1.35E+00,5.82E+04,3.59E+04,2.05E+03,4.85E+02,1.15E+02,7.12E+01,4.15E+01,2.05E+01,1.08E+01,4.55E+00,p3Zarc,E,1.00E-09,1.00E+05,6.31E-02,2024-11-19/13:16:41
BC29153-2024-11-07.z,2.55E+02,3.13E+05,2.08E+04,5.36E-11,1.43E-11,9.12E-01,5.38E+05,2.58E+02,5.23E-11,1.39E-11,1.00E+00,1.26E+00,1.59E+00,5.00E-01,1.00E-01,4.41E+08,2.86E-09,3.61E-09,2.92E+05,5.19E-07,7.78E-09,3.10E-01,7.01E+01,2.25E+04,4.52E-07,6.77E-09,1.00E+10,1.14E-05,2.22E-01,4.34E-01,2.82E+05,1.75E+11,4.59E-01,2.69E+01,8.73E+01,2.99E+05,2.54E+05,1.37E+05,8.16E+04,3.92E+04,2.92E+04,2.02E+04,1.16E+04,6.64E+03,2.97E+03,p3Zarc,E,1.00E-09,3.98E+05,1.00E-01,2024-11-19/13:18:37
BC29154-2024-11-06.z,3.87E+02,5.12E+04,4.78E+04,1.21E-10,6.12E-12,8.02E-01,5.43E+05,3.90E+02,1.19E-10,6.03E-12,1.00E+00,1.26E+00,1.59E+00,5.00E-01,1.00E-01,2.32E+09,5.43E-10,6.85E-10,2.97E+03,1.90E-05,3.89E-08,3.17E-01,1.38E+03,8.30E+05,6.43E-08,1.31E-10,1.00E+10,1.89E-03,5.15E-01,4.56E-01,5.11E+04,2.93E+01,1.60E-02,6.57E-01,2.35E+00,5.15E+04,2.77E+04,8.23E+02,4.11E+02,1.75E+02,1.27E+02,8.59E+01,4.87E+01,2.75E+01,1.22E+01,p3Zarc,C,1.00E-09,3.98E+05,1.00E+00,2024-11-19/13:20:36
BC29155-2024-11-06.z,2.44E+02,4.31E+04,3.98E+04,2.03E-10,1.09E-11,8.00E-01,3.68E+05,2.45E+02,2.01E-10,1.07E-11,1.00E+00,1.26E+00,1.59E+00,5.00E-01,1.00E-01,1.60E+09,7.86E-10,9.92E-10,2.99E+03,3.69E-05,4.31E-08,2.46E-01,1.23E+03,5.76E+05,1.78E-07,2.08E-10,1.00E+10,8.92E-03,5.15E-01,4.76E-01,4.28E+04,7.62E+01,2.06E-02,1.28E+00,4.19E+00,4.33E+04,2.34E+04,8.92E+02,5.16E+02,2.56E+02,1.94E+02,1.37E+02,8.06E+01,4.66E+01,2.10E+01,p3Zarc,C,1.00E-09,3.98E+05,1.00E-01,2024-11-19/13:21:26
BC29157-2024-11-06.z,1.19E+02,6.79E+04,5.87E+04,1.34E-10,9.11E-12,8.14E-01,2.98E+05,1.19E+02,1.33E-10,9.08E-12,1.00E+00,1.26E+00,1.59E+00,5.00E-01,1.00E-01,3.46E+09,3.64E-10,4.60E-10,9.04E+03,1.37E-05,1.29E-08,2.31E-01,1.37E+03,4.42E+05,2.43E-07,2.28E-10,1.00E+10,4.40E-02,5.07E-01,4.78E-01,6.70E+04,1.63E+01,3.88E-02,2.62E+00,8.31E+00,6.81E+04,3.78E+04,2.64E+03,1.57E+03,8.01E+02,6.12E+02,4.35E+02,2.59E+02,1.50E+02,6.81E+01,p3Zarc,B,1.00E-09,3.98E+05,6.31E-02,2024-11-19/13:22:02
BC29161-2024-11-06.z,1.59E+02,3.52E+04,3.18E+04,9.13E-11,1.02E-11,8.53E-01,4.92E+05,1.59E+02,9.04E-11,1.01E-11,1.00E+00,1.26E+00,1.59E+00,5.00E-01,1.00E-01,1.02E+09,1.24E-09,1.56E-09,3.28E+03,1.86E-05,3.60E-08,3.09E-01,1.35E+03,3.44E+05,1.61E-07,3.12E-10,1.00E+10,5.61E-03,4.56E-01,4.49E-01,3.51E+04,7.06E+01,2.57E-02,1.12E+00,3.87E+00,3.54E+04,1.93E+04,9.11E+02,4.65E+02,2.02E+02,1.48E+02,1.00E+02,5.70E+01,3.23E+01,1.44E+01,p3Zarc,B,1.00E-09,6.31E+05,1.00E-01,2024-11-19/13:24:10
BC29164-2024-11-06.z,1.05E+04,4.58E+07,4.58E+07,1.86E-10,1.55E-11,6.58E-01,2.24E+02,1.05E+04,1.86E-10,1.55E-11,1.00E+00,1.26E+00,1.59E+00,5.00E-01,1.00E-01,2.09E+15,6.03E-16,7.60E-16,3.20E+03,3.10E-03,1.09E-03,1.84E+00,4.57E-02,6.54E+11,1.52E-11,5.33E-12,9.99E+09,3.53E+02,1.34E+00,-2.29E+00,4.56E+07,7.15E+01,3.60E-01,1.51E+00,8.60E+00,4.63E+07,4.25E+07,1.67E+07,3.36E+06,6.32E+05,3.71E+05,2.06E+05,9.72E+04,4.98E+04,2.07E+04,p3Zarc,B,1.00E-09,1.00E+06,2.51E-02,2024-11-19/13:31:15
BC29165-2024-11-06.z,2.86E+03,2.19E+05,2.09E+05,2.90E-10,8.36E-12,7.33E-01,9.09E+04,2.90E+03,2.82E-10,8.14E-12,1.00E+00,1.26E+00,1.59E+00,5.00E-01,1.00E-01,4.50E+10,2.80E-11,3.54E-11,7.28E+03,1.36E-05,8.41E-07,4.54E-01,2.60E+01,6.39E+06,1.50E-08,9.26E-10,1.00E+10,1.13E-03,5.00E-01,-2.28E+00,2.19E+05,2.07E+01,2.32E-02,6.90E-01,2.72E+00,2.24E+05,1.25E+05,5.21E+03,2.64E+03,9.69E+02,6.59E+02,4.15E+02,2.20E+02,1.20E+02,5.18E+01,p3Zarc,A,1.00E-09,1.59E+05,2.51E-01,2024-11-19/13:36:52
BC29168-2024-11-06.z,3.00E+03,4.56E+05,4.23E+05,2.06E-10,7.01E-12,7.35E-01,5.37E+04,3.02E+03,2.03E-10,6.91E-12,1.00E+00,1.26E+00,1.59E+00,5.00E-01,1.00E-01,1.81E+11,6.97E-12,8.79E-12,3.00E+04,4.50E-06,2.02E-07,3.92E-01,2.62E+01,6.46E+06,1.95E-08,8.78E-10,1.00E+10,4.36E-04,4.75E-01,-2.36E+00,4.53E+05,1.48E+01,4.20E-02,1.76E+00,6.24E+00,4.68E+05,2.70E+05,1.97E+04,1.08E+04,4.56E+03,3.25E+03,2.14E+03,1.18E+03,6.57E+02,2.89E+02,p3Zarc,B,1.00E-09,1.59E+05,2.51E-01,2024-11-19/13:37:21
BC29173-2024-11-06.z,2.08E+03,9.80E+05,9.39E+05,1.11E-10,4.72E-12,7.44E-01,3.60E+04,2.09E+03,1.10E-10,4.70E-12,1.00E+00,1.26E+00,1.59E+00,5.00E-01,1.00E-01,8.85E+11,1.43E-12,1.80E-12,3.97E+04,3.57E-06,2.85E-07,4.36E-01,1.41E+01,2.32E+07,5.86E-09,4.68E-10,1.00E+10,2.10E-04,5.17E-01,-2.29E+00,9.77E+05,1.56E+02,3.11E-02,1.16E+00,4.30E+00,1.02E+06,5.88E+05,3.16E+04,1.71E+04,6.95E+03,4.84E+03,3.12E+03,1.68E+03,9.22E+02,4.01E+02,p3Zarc,B,1.00E-09,3.98E+04,1.59E-01,2024-11-19/13:39:08
BC29179-2024-11-06.z,2.71E+03,2.94E+05,1.22E+05,1.47E-10,8.94E-12,7.96E-01,1.46E+05,2.77E+03,1.40E-10,8.55E-12,1.00E+00,1.26E+00,1.59E+00,5.00E-01,1.00E-01,1.55E+10,8.16E-11,1.03E-10,1.70E+05,1.41E-07,1.47E-10,3.52E-01,6.36E+03,2.15E+05,4.72E-08,4.91E-11,1.00E+10,2.83E-04,4.50E-01,-2.25E+00,2.91E+05,6.34E+11,9.79E-02,2.89E+00,1.03E+01,3.01E+05,1.95E+05,2.95E+04,1.26E+04,4.83E+03,3.41E+03,2.25E+03,1.25E+03,6.96E+02,3.07E+02,p3Zarc,B,1.00E-09,6.31E+04,1.00E-01,2024-11-19/13:39:36
BC29182-2024-11-06.z,7.88E+02,1.06E+05,7.57E+04,1.95E-10,1.07E-11,7.93E-01,1.97E+05,7.96E+02,1.91E-10,1.05E-11,1.00E+00,1.26E+00,1.59E+00,5.00E-01,1.00E-01,5.84E+09,2.16E-10,2.72E-10,2.95E+04,9.47E-07,1.66E-10,2.93E-01,3.25E+04,2.75E+05,7.33E-08,1.29E-11,1.00E+10,4.97E-03,4.56E-01,-2.22E+00,1.05E+05,1.64E+01,3.83E-02,1.53E+00,5.25E+00,1.08E+05,6.14E+04,4.12E+03,1.96E+03,8.37E+02,6.10E+02,4.15E+02,2.37E+02,1.34E+02,5.99E+01,p3Zarc,B,1.00E-09,2.51E+05,2.51E-01,2024-11-19/13:42:17
BC29185-2024-11-06.z,1.30E+03,1.54E+05,1.30E+05,1.82E-09,2.38E-11,6.58E-01,5.15E+04,1.31E+03,1.79E-09,2.33E-11,1.00E+00,1.26E+00,1.59E+00,5.00E-01,1.00E-01,1.73E+10,7.31E-11,9.22E-11,2.23E+04,4.24E-06,1.56E-07,4.16E-01,4.57E+01,9.04E+05,8.97E-08,3.29E-09,1.00E+10,2.66E-04,4.57E-01,-2.20E+00,1.52E+05,3.34E+10,8.86E-02,2.88E+00,1.05E+01,1.58E+05,9.72E+04,1.40E+04,6.98E+03,2.67E+03,1.85E+03,1.19E+03,6.46E+02,3.55E+02,1.55E+02,p3Zarc,B,1.00E-09,1.00E+05,2.51E-01,2024-11-19/13:45:54
BC29187-2024-11-06.z,3.53E+02,2.12E+04,1.83E+04,6.25E-10,1.67E-11,7.58E-01,5.21E+05,3.60E+02,6.02E-10,1.60E-11,1.00E+00,1.26E+00,1.59E+00,5.00E-01,1.00E-01,3.49E+08,3.62E-09,4.56E-09,2.53E+03,2.11E-05,5.94E-08,3.33E-01,1.06E+03,1.57E+05,3.00E-07,8.44E-10,1.00E+10,1.91E-03,5.12E-01,-2.22E+00,2.11E+04,8.19E+01,3.43E-02,1.30E+00,4.57E+00,2.14E+04,1.19E+04,7.33E+02,3.55E+02,1.47E+02,1.06E+02,7.08E+01,3.98E+01,2.24E+01,9.93E+00,p3Zarc,B,1.00E-09,1.00E+06,2.51E-02,2024-11-19/13:47:44
BC29188-2024-11-06.z,1.02E+02,3.42E+04,2.66E+04,2.13E-12,7.06E-12,1.08E+00,8.47E+05,1.03E+02,2.11E-12,7.01E-12,1.00E+00,1.26E+00,1.59E+00,5.00E-01,1.00E-01,7.13E+08,1.77E-09,2.23E-09,7.49E+03,1.89E-06,2.86E-10,3.26E-01,7.43E+04,1.22E+05,9.07E-08,1.37E-11,1.00E+10,3.83E-03,3.05E-01,-2.21E+00,3.41E+04,5.22E+09,1.97E-02,6.53E-01,2.39E+00,3.44E+04,1.87E+04,6.75E+02,3.01E+02,1.20E+02,8.60E+01,5.74E+01,3.22E+01,1.81E+01,8.03E+00,p3Zarc,B,1.00E-09,1.00E+06,3.98E-02,2024-11-19/13:48:24
BC29189-2024-11-06.z,9.50E+02,1.59E+05,1.56E+05,2.32E-10,5.73E-12,7.35E-01,1.78E+05,9.56E+02,2.29E-10,5.66E-12,1.00E+00,1.26E+00,1.59E+00,5.00E-01,1.00E-01,2.45E+10,5.15E-11,6.49E-11,2.38E+03,3.19E-05,1.57E-06,4.61E-01,4.27E+01,1.05E+07,7.12E-09,3.50E-10,1.00E+10,1.21E-02,4.88E-01,-2.11E+00,1.59E+05,2.89E+02,1.02E-02,2.45E-01,1.08E+00,1.62E+05,8.71E+04,1.64E+03,7.51E+02,2.55E+02,1.71E+02,1.07E+02,5.61E+01,3.04E+01,1.31E+01,p3Zarc,B,1.00E-09,2.51E+05,2.51E-02,2024-11-19/13:49:26
BC29192-2024-11-06.z,2.72E+02,5.85E+04,4.74E+04,2.73E-10,1.18E-11,7.82E-01,2.85E+05,2.74E+02,2.70E-10,1.17E-11,1.00E+00,1.26E+00,1.59E+00,5.00E-01,1.00E-01,2.27E+09,5.56E-10,7.01E-10,1.08E+04,7.56E-06,1.30E-08,2.82E-01,1.13E+03,2.57E+05,2.60E-07,4.46E-10,1.00E+10,4.78E-04,4.78E-01,-2.01E+00,5.78E+04,7.11E+09,5.50E-02,2.81E+00,9.28E+00,5.89E+04,3.37E+04,3.23E+03,1.74E+03,8.06E+02,5.98E+02,4.12E+02,2.39E+02,1.36E+02,6.11E+01,p3Zarc,B,1.00E-09,3.98E+05,2.51E-02,2024-11-19/13:50:16
BC29196-2024-11-06.z,1.40E+03,9.51E+04,9.07E+04,3.25E-09,2.30E-11,6.22E-01,7.62E+04,1.42E+03,3.15E-09,2.23E-11,1.00E+00,1.26E+00,1.59E+00,5.00E-01,1.00E-01,8.48E+09,1.49E-10,1.88E-10,2.99E+03,1.78E-05,6.32E-07,4.68E-01,8.41E+01,2.93E+06,1.76E-08,6.27E-10,1.00E+10,1.43E-04,5.02E-01,-2.02E+00,9.50E+04,6.00E+01,2.50E-02,4.09E-01,1.80E+00,9.76E+04,5.59E+04,2.44E+03,8.94E+02,2.71E+02,1.78E+02,1.09E+02,5.65E+01,3.04E+01,1.31E+01,p3Zarc,C,1.00E-09,2.51E+05,2.51E-01,2024-11-19/13:52:20
BC29198-2024-11-06.z,1.17E+02,3.43E+04,2.44E+04,4.85E-11,1.08E-11,9.01E-01,6.05E+05,1.18E+02,4.80E-11,1.07E-11,1.00E+00,1.26E+00,1.59E+00,5.00E-01,1.00E-01,6.00E+08,2.10E-09,2.65E-09,9.78E+03,1.18E-05,5.32E-09,2.19E-01,3.06E+03,8.59E+04,9.57E-07,4.33E-10,1.00E+10,4.39E-03,4.90E-01,-1.99E+00,3.34E+04,1.32E+09,7.45E-02,5.16E+00,1.62E+01,3.40E+04,1.97E+04,2.53E+03,1.51E+03,7.80E+02,5.98E+02,4.27E+02,2.55E+02,1.48E+02,6.73E+01,p3Zarc,C,1.00E-09,6.31E+05,3.98E-02,2024-11-19/13:53:03
BC29199-2024-11-06.z,1.07E+04,1.30E+07,7.85E+05,1.33E-10,1.37E-11,8.01E-01,1.48E+04,1.08E+04,1.30E-10,1.33E-11,1.00E+00,1.26E+00,1.59E+00,5.00E-01,1.00E-01,6.33E+11,1.99E-12,2.52E-12,1.22E+07,8.78E-09,5.19E-11,3.04E-01,2.52E+02,8.47E+05,7.73E-09,4.58E-11,1.00E+10,1.52E+01,1.08E+00,-2.64E+00,1.20E+07,1.15E+01,4.58E-01,1.96E+01,6.52E+01,1.26E+07,1.16E+07,5.75E+06,2.81E+06,1.24E+06,9.09E+05,6.21E+05,3.56E+05,2.02E+05,9.03E+04,p3Zarc,C,1.00E-09,1.00E+06,2.51E-02,2024-11-19/13:56:16
BC29204-2024-11-06.z,3.03E+03,4.55E+05,1.73E+05,9.28E-11,6.29E-12,8.04E-01,1.46E+05,3.08E+03,8.96E-11,6.08E-12,1.00E+00,1.26E+00,1.59E+00,5.00E-01,1.00E-01,3.11E+10,4.06E-11,5.13E-11,2.79E+05,1.06E-08,4.36E-11,5.15E-01,1.31E+04,2.88E+05,3.97E-09,1.64E-11,1.00E+10,2.70E-04,3.78E-01,-2.93E+00,4.54E+05,3.33E+11,3.72E-02,3.78E-01,1.80E+00,4.72E+05,2.94E+05,1.75E+04,4.80E+03,1.28E+03,8.22E+02,4.94E+02,2.51E+02,1.34E+02,5.70E+01,p3Zarc,B,1.00E-09,2.51E+04,3.98E-01,2024-11-19/13:56:51
BC29208-2024-11-06.z,1.98E+03,6.02E+05,5.77E+05,2.16E-09,1.72E-11,5.80E-01,1.60E+04,1.99E+03,2.15E-09,1.71E-11,1.00E+00,1.26E+00,1.59E+00,5.00E-01,1.00E-01,3.36E+11,3.76E-12,4.74E-12,2.22E+04,4.65E-06,1.14E-07,3.80E-01,6.25E+01,1.57E+07,6.36E-09,1.57E-10,1.00E+10,9.45E-04,4.27E-01,-2.92E+00,6.00E+05,6.98E+11,5.19E-02,1.00E+00,3.95E+00,6.24E+05,3.99E+05,3.24E+04,1.14E+04,3.82E+03,2.61E+03,1.66E+03,8.91E+02,4.89E+02,2.13E+02,p3Zarc,B,1.00E-09,2.51E+04,1.00E-01,2024-11-19/13:58:11
BC29211-2024-11-06.z,4.03E+02,1.12E+05,9.72E+04,1.52E-10,8.05E-12,7.91E-01,2.03E+05,4.04E+02,1.50E-10,7.99E-12,1.00E+00,1.26E+00,1.59E+00,5.00E-01,1.00E-01,9.52E+09,1.33E-10,1.67E-10,1.48E+04,1.36E-05,2.66E-07,2.89E-01,4.03E+01,7.40E+05,2.37E-07,4.63E-09,1.00E+10,2.79E-02,4.97E-01,-2.88E+00,1.10E+05,3.50E+00,6.44E-02,4.44E+00,1.41E+01,1.13E+05,6.44E+04,7.26E+03,4.55E+03,2.32E+03,1.76E+03,1.23E+03,7.24E+02,4.17E+02,1.88E+02,p3Zarc,B,1.00E-09,2.51E+05,1.00E+00,2024-11-19/13:59:27
BC29211-2024-11-06.z,2.72E+02,1.12E+05,9.73E+04,1.49E-10,8.03E-12,7.92E-01,2.04E+05,2.73E+02,1.48E-10,7.99E-12,1.00E+00,1.26E+00,1.59E+00,5.00E-01,1.00E-01,9.52E+09,1.33E-10,1.67E-10,1.49E+04,1.34E-05,2.56E-07,2.90E-01,4.19E+01,7.38E+05,2.34E-07,4.47E-09,1.00E+10,2.62E-02,5.00E-01,1.35E-03,1.10E+05,3.83E+00,6.44E-02,4.40E+00,1.40E+01,1.13E+05,6.44E+04,7.26E+03,4.53E+03,2.31E+03,1.75E+03,1.23E+03,7.18E+02,4.13E+02,1.86E+02,p3Zarc,B,1.00E-09,2.51E+05,1.59E-01,2024-11-19/14:00:31
BC29212-2024-11-06.z,2.41E+03,1.98E+05,1.57E+05,2.88E-10,8.21E-12,7.38E-01,1.24E+05,2.45E+03,2.79E-10,7.96E-12,1.00E+00,1.26E+00,1.59E+00,5.00E-01,1.00E-01,2.53E+10,4.98E-11,6.29E-11,3.87E+04,4.66E-06,2.15E-07,3.58E-01,1.92E+01,8.14E+05,1.78E-07,8.21E-09,1.00E+10,1.51E-03,5.19E-01,2.67E-02,1.93E+05,1.86E+01,1.16E-01,6.61E+00,2.20E+01,1.99E+05,1.21E+05,2.32E+04,1.42E+04,6.71E+03,4.92E+03,3.34E+03,1.89E+03,1.07E+03,4.74E+02,p3Zarc,D,1.00E-09,1.59E+05,2.51E-02,2024-11-19/14:28:22
BC29215-2024-11-06.z,9.67E+02,1.92E+05,1.86E+05,1.31E-10,5.37E-12,7.69E-01,1.60E+05,9.72E+02,1.30E-10,5.32E-12,1.00E+00,1.26E+00,1.59E+00,5.00E-01,1.00E-01,3.48E+10,3.63E-11,4.57E-11,5.68E+03,2.25E-05,1.13E-06,4.08E-01,2.48E+01,6.32E+06,1.96E-08,9.87E-10,1.00E+10,1.39E-04,4.76E-01,-2.02E+00,1.92E+05,2.15E+11,1.88E-02,7.65E-01,2.83E+00,1.95E+05,1.06E+05,3.66E+03,2.04E+03,8.47E+02,5.97E+02,3.90E+02,2.14E+02,1.18E+02,5.18E+01,p3Zarc,B,1.00E-09,2.51E+05,2.51E-01,2024-11-19/14:29:55
BC29216-2024-11-06.z,1.55E+02,3.19E+04,1.39E+04,2.76E-11,1.22E-11,9.48E-01,9.38E+05,1.57E+02,2.70E-11,1.20E-11,1.00E+00,1.26E+00,1.59E+00,5.00E-01,1.00E-01,1.97E+08,6.41E-09,8.08E-09,1.79E+04,1.68E-07,4.35E-11,4.13E-01,2.05E+05,2.51E+04,5.28E-08,1.37E-11,1.00E+10,8.60E-04,3.83E-01,-2.14E+00,3.19E+04,3.64E+01,1.88E-02,3.88E-01,1.59E+00,3.24E+04,1.80E+04,6.10E+02,2.21E+02,7.52E+01,5.16E+01,3.31E+01,1.79E+01,9.85E+00,4.30E+00,p3Zarc,B,1.00E-09,1.00E+06,1.59E-02,2024-11-19/14:33:17
BC29216-2024-11-06.z,1.55E+02,3.19E+04,1.39E+04,2.76E-11,1.22E-11,9.48E-01,9.38E+05,1.57E+02,2.70E-11,1.20E-11,1.00E+00,1.26E+00,1.59E+00,5.00E-01,1.00E-01,1.97E+08,6.41E-09,8.08E-09,1.79E+04,1.68E-07,4.35E-11,4.13E-01,2.05E+05,2.51E+04,5.28E-08,1.37E-11,1.00E+10,8.60E-04,3.83E-01,-2.14E+00,3.19E+04,3.64E+01,1.88E-02,3.88E-01,1.59E+00,3.24E+04,1.80E+04,6.10E+02,2.21E+02,7.52E+01,5.16E+01,3.31E+01,1.79E+01,9.85E+00,4.30E+00,p3Zarc,B,1.00E-09,1.00E+06,1.59E-02,2024-11-19/14:33:45
BC29218-2024-11-06.z,1.08E+03,2.04E+05,1.52E+05,7.38E-11,5.68E-12,8.16E-01,1.84E+05,1.08E+03,7.28E-11,5.60E-12,1.00E+00,1.26E+00,1.59E+00,5.00E-01,1.00E-01,2.35E+10,5.37E-11,6.77E-11,5.04E+04,2.38E-06,2.12E-08,3.10E-01,1.49E+02,6.19E+05,1.46E-07,1.30E-09,1.00E+10,1.56E-04,4.61E-01,-2.04E+00,1.99E+05,1.00E+11,1.05E-01,5.54E+00,1.83E+01,2.04E+05,1.24E+05,2.13E+04,1.21E+04,5.61E+03,4.14E+03,2.84E+03,1.63E+03,9.28E+02,4.15E+02,p3Zarc,B,1.00E-09,1.00E+06,1.59E-02,2024-11-19/14:34:24
BC29220-2024-11-06.z,7.66E+01,3.57E+04,2.43E+04,1.75E-11,9.91E-12,9.63E-01,6.62E+05,7.69E+01,1.74E-11,9.85E-12,1.00E+00,1.26E+00,1.59E+00,5.00E-01,1.00E-01,5.93E+08,2.13E-09,2.69E-09,1.14E+04,1.43E-05,3.53E-09,1.79E-01,3.96E+03,7.64E+04,1.45E-06,3.59E-10,1.00E+10,4.86E-04,4.65E-01,-2.00E+00,3.43E+04,6.59E+09,8.12E-02,6.83E+00,2.08E+01,3.50E+04,2.03E+04,2.84E+03,1.81E+03,1.00E+03,7.84E+02,5.71E+02,3.48E+02,2.05E+02,9.36E+01,p3Zarc,C,1.00E-09,6.31E+05,3.98E-02,2024-11-19/14:36:03
BC29222-2024-11-06.z,1.26E+02,4.49E+05,8.67E+04,1.31E-09,6.37E-12,6.30E-01,2.88E+05,1.27E+02,1.31E-09,6.35E-12,1.00E+00,1.26E+00,1.59E+00,5.00E-01,1.00E-01,7.54E+09,1.67E-10,2.11E-10,3.62E+05,9.44E-08,8.88E-13,2.26E-01,4.95E+05,1.08E+05,6.14E-08,5.78E-13,1.00E+10,5.00E-04,4.52E-01,-1.99E+00,4.39E+05,1.09E+01,1.02E-01,4.83E+00,1.57E+01,4.58E+05,3.03E+05,4.66E+04,2.27E+04,1.04E+04,7.82E+03,5.46E+03,3.21E+03,1.85E+03,8.33E+02,p3Zarc,C,1.00E-09,2.51E+04,1.59E-01,2024-11-19/14:38:09
BC29224-2024-11-06.z,8.34E-03,9.87E+04,7.48E+04,6.82E-11,5.85E-12,8.32E-01,3.64E+05,8.34E-03,6.82E-11,5.85E-12,1.00E+00,1.26E+00,1.59E+00,5.00E-01,1.00E-01,5.59E+09,2.26E-10,2.85E-10,2.40E+04,6.55E-06,2.39E-12,1.11E-01,2.78E+06,3.08E+05,3.86E-07,1.41E-13,1.00E+10,1.01E-01,4.76E-01,-1.65E-01,9.57E+04,2.91E+01,3.45E-02,3.46E+00,1.03E+01,9.73E+04,5.35E+04,3.36E+03,2.25E+03,1.32E+03,1.06E+03,7.90E+02,4.93E+02,2.94E+02,1.36E+02,p3Zarc,C,1.00E-09,3.98E+05,1.00E-01,2024-11-19/14:39:06
BC29226-2024-11-06.z,1.11E-02,8.34E+05,5.84E+05,5.50E-10,7.69E-12,6.53E-01,3.55E+04,1.11E-02,5.50E-10,7.69E-12,1.00E+00,1.26E+00,1.59E+00,5.00E-01,1.00E-01,3.41E+11,3.70E-12,4.67E-12,2.50E+05,1.17E-06,1.06E-13,7.03E-02,6.01E+06,1.95E+06,1.06E-07,9.53E-15,1.00E+10,8.66E-01,4.61E-01,-3.15E-01,7.79E+05,1.47E+02,5.22E-02,4.53E+00,1.34E+01,8.17E+05,5.03E+05,4.26E+04,2.43E+04,1.41E+04,1.14E+04,8.59E+03,5.42E+03,3.26E+03,1.51E+03,p3Zarc,B,1.00E-09,2.51E+04,1.00E-01,2024-11-19/14:39:45
BC29226-2024-11-06.z,1.11E-02,8.34E+05,5.84E+05,5.50E-10,7.69E-12,6.53E-01,3.55E+04,1.11E-02,5.50E-10,7.69E-12,1.00E+00,1.26E+00,1.59E+00,5.00E-01,1.00E-01,3.41E+11,3.70E-12,4.67E-12,2.50E+05,1.17E-06,1.06E-13,7.03E-02,6.01E+06,1.95E+06,1.06E-07,9.53E-15,1.00E+10,8.66E-01,4.61E-01,-3.15E-01,7.79E+05,1.47E+02,5.22E-02,4.53E+00,1.34E+01,8.17E+05,5.03E+05,4.26E+04,2.43E+04,1.41E+04,1.14E+04,8.59E+03,5.42E+03,3.26E+03,1.51E+03,p3Zarc,B,1.00E-09,2.51E+04,1.00E-01,2024-11-19/14:40:14
BC29227-2024-11-06.z,4.63E+02,1.25E+05,1.07E+05,2.28E-10,5.20E-12,7.38E-01,2.86E+05,4.65E+02,2.26E-10,5.15E-12,1.00E+00,1.26E+00,1.59E+00,5.00E-01,1.00E-01,1.16E+10,1.09E-10,1.37E-10,1.69E+04,9.92E-06,2.05E-08,2.24E-01,4.61E+02,7.95E+05,1.82E-07,3.75E-10,1.00E+10,7.49E-03,5.45E-01,-2.57E-01,1.22E+05,1.13E+01,4.59E-02,3.37E+00,1.05E+01,1.25E+05,7.01E+04,5.73E+03,3.50E+03,1.85E+03,1.42E+03,1.02E+03,6.11E+02,3.56E+02,1.62E+02,p3Zarc,B,1.00E-09,2.51E+05,2.51E+00,2024-11-19/14:44:37
BC29231-2024-11-06.z,2.18E+02,8.70E+04,8.22E+04,2.24E-10,8.44E-12,7.69E-01,2.29E+05,2.19E+02,2.23E-10,8.40E-12,1.00E+00,1.26E+00,1.59E+00,5.00E-01,1.00E-01,6.79E+09,1.86E-10,2.34E-10,4.55E+03,3.65E-05,1.41E-06,3.56E-01,2.48E+01,1.57E+06,1.00E-07,3.86E-09,1.00E+10,3.52E-04,4.81E-01,-2.05E+00,8.65E+04,8.47E+01,3.03E-02,1.64E+00,5.59E+00,8.78E+04,4.81E+04,2.66E+03,1.59E+03,7.40E+02,5.42E+02,3.67E+02,2.08E+02,1.17E+02,5.20E+01,p3Zarc,A,1.00E-09,1.00E+06,1.00E-01,2024-11-19/14:45:39
BC29235-2024-11-06.z,3.93E+01,2.17E+04,1.66E+04,2.34E-11,1.30E-11,9.61E-01,7.40E+05,3.94E+01,2.33E-11,1.29E-11,1.00E+00,1.26E+00,1.59E+00,5.00E-01,1.00E-01,2.77E+08,4.55E-09,5.74E-09,5.07E+03,7.33E-07,3.45E-10,4.22E-01,9.10E+04,7.13E+04,4.00E-08,1.88E-11,1.00E+10,3.58E-04,3.35E-01,4.69E-02,2.17E+04,1.32E+01,1.01E-02,2.00E-01,8.95E-01,2.19E+04,1.18E+04,2.22E+02,8.00E+01,2.67E+01,1.82E+01,1.16E+01,6.25E+00,3.43E+00,1.50E+00,p3Zarc,C,1.00E-09,6.31E+05,1.00E+00,2024-11-19/14:56:17
BC29235-2024-11-06.z,3.93E+01,2.17E+04,1.66E+04,2.34E-11,1.30E-11,9.61E-01,7.40E+05,3.94E+01,2.33E-11,1.29E-11,1.00E+00,1.26E+00,1.59E+00,5.00E-01,1.00E-01,2.77E+08,4.55E-09,5.74E-09,5.07E+03,7.33E-07,3.45E-10,4.22E-01,9.10E+04,7.13E+04,4.00E-08,1.88E-11,1.00E+10,3.58E-04,3.35E-01,4.69E-02,2.17E+04,1.32E+01,1.01E-02,2.00E-01,8.95E-01,2.19E+04,1.18E+04,2.22E+02,8.00E+01,2.67E+01,1.82E+01,1.16E+01,6.25E+00,3.43E+00,1.50E+00,p3Zarc,B,1.00E-09,6.31E+05,1.00E+00,2024-11-19/14:56:29
BC29238-2024-11-08.z,4.24E+02,8.89E+04,6.32E+04,1.14E-11,6.12E-12,9.58E-01,4.11E+05,4.27E+02,1.13E-11,6.04E-12,1.00E+00,1.26E+00,1.59E+00,5.00E-01,1.00E-01,4.05E+09,3.12E-10,3.93E-10,2.53E+04,1.24E-06,7.91E-11,2.64E-01,7.96E+04,2.24E+05,1.00E-07,6.40E-12,1.00E+10,1.48E-04,3.03E-01,-2.00E+00,8.83E+04,1.40E+02,3.55E-02,1.68E+00,5.63E+00,8.94E+04,4.99E+04,3.18E+03,1.62E+03,7.34E+02,5.44E+02,3.75E+02,2.17E+02,1.24E+02,5.57E+01,p3Zarc,B,1.00E-09,3.98E+05,2.51E-02,2024-11-19/14:56:50
BC29239-2024-11-08.z,1.07E+03,1.17E+05,9.14E+04,1.81E-11,5.06E-12,9.13E-01,3.44E+05,1.09E+03,1.77E-11,4.94E-12,1.00E+00,1.26E+00,1.59E+00,5.00E-01,1.00E-01,8.56E+09,1.47E-10,1.86E-10,2.42E+04,1.39E-06,2.99E-09,3.56E-01,2.20E+03,4.46E+05,6.00E-08,1.29E-10,1.00E+10,8.53E-04,5.08E-01,-2.02E+00,1.16E+05,7.49E+00,4.70E-02,1.47E+00,5.31E+00,1.18E+05,6.73E+04,5.53E+03,2.47E+03,9.59E+02,6.78E+02,4.47E+02,2.48E+02,1.38E+02,6.10E+01,p3Zarc,B,1.00E-09,3.98E+05,1.00E-01,2024-11-19/14:57:18
BC29244-2024-11-08.z,5.28E+03,1.34E+06,1.22E+06,1.39E-09,2.10E-11,6.04E-01,6.18E+03,5.30E+03,1.37E-09,2.09E-11,1.00E+00,1.26E+00,1.59E+00,5.00E-01,1.00E-01,1.51E+12,8.35E-13,1.05E-12,1.12E+05,9.65E-07,6.47E-08,4.52E-01,2.20E+01,1.47E+07,6.74E-09,4.52E-10,1.00E+10,8.01E-05,5.15E-01,-1.93E+00,1.33E+06,1.07E+13,1.04E-01,2.19E+00,8.62E+00,1.39E+06,9.80E+05,1.44E+05,5.79E+04,1.97E+04,1.32E+04,8.22E+03,4.31E+03,2.33E+03,1.01E+03,p3Zarc,C,1.00E-09,1.00E+06,2.51E-02,2024-11-19/14:58:49
BC29245-2024-11-08.z,3.48E+03,5.76E+05,5.38E+05,3.86E-10,9.73E-12,6.97E-01,3.04E+04,3.50E+03,3.81E-10,9.61E-12,1.00E+00,1.26E+00,1.59E+00,5.00E-01,1.00E-01,2.93E+11,4.31E-12,5.43E-12,3.44E+04,1.17E-05,1.32E-06,2.94E-01,3.51E+00,9.05E+06,4.18E-08,4.70E-09,1.00E+10,6.75E-04,5.87E-01,-1.99E+00,5.67E+05,4.84E+00,4.22E-02,3.30E+00,1.02E+01,5.93E+05,3.53E+05,2.50E+04,1.54E+04,8.49E+03,6.60E+03,4.74E+03,2.84E+03,1.65E+03,7.49E+02,p3Zarc,C,1.00E-09,3.98E+04,1.59E-01,2024-11-19/14:59:10
BC29245-2024-11-08.z,3.48E+03,5.76E+05,5.38E+05,3.86E-10,9.73E-12,6.97E-01,3.04E+04,3.50E+03,3.81E-10,9.61E-12,1.00E+00,1.26E+00,1.59E+00,5.00E-01,1.00E-01,2.93E+11,4.31E-12,5.43E-12,3.44E+04,1.17E-05,1.32E-06,2.94E-01,3.51E+00,9.05E+06,4.18E-08,4.70E-09,1.00E+10,6.75E-04,5.87E-01,-1.99E+00,5.67E+05,4.84E+00,4.22E-02,3.30E+00,1.02E+01,5.93E+05,3.53E+05,2.50E+04,1.54E+04,8.49E+03,6.60E+03,4.74E+03,2.84E+03,1.65E+03,7.49E+02,p3Zarc,C,1.00E-09,3.98E+04,1.59E-01,2024-11-19/14:59:15
BC29246-2024-11-08.z,1.30E+03,6.62E+05,6.41E+05,7.10E-10,9.98E-12,6.44E-01,2.49E+04,1.30E+03,7.07E-10,9.94E-12,1.00E+00,1.26E+00,1.59E+00,5.00E-01,1.00E-01,4.12E+11,3.06E-12,3.86E-12,1.94E+04,1.70E-05,2.05E-06,3.45E-01,4.00E+00,2.19E+07,1.46E-08,1.77E-09,1.00E+10,5.22E-04,4.88E-01,-2.04E+00,6.57E+05,3.38E+00,3.38E-02,1.61E+00,5.36E+00,6.86E+05,4.14E+05,2.32E+04,1.12E+04,5.33E+03,3.98E+03,2.76E+03,1.59E+03,9.07E+02,4.05E+02,p3Zarc,C,1.00E-09,3.98E+04,6.31E-01,2024-11-19/14:59:41
BC29248-2024-11-08.z,9.44E+02,8.13E+05,7.99E+05,1.74E-09,1.67E-11,5.86E-01,1.20E+04,9.45E+02,1.74E-09,1.66E-11,1.00E+00,1.26E+00,1.59E+00,5.00E-01,1.00E-01,6.40E+11,1.97E-12,2.49E-12,1.27E+04,2.68E-05,1.24E-05,5.83E-01,1.02E+00,5.14E+07,6.51E-09,3.01E-09,1.00E+10,4.03E-03,4.49E-01,-1.86E+00,8.10E+05,2.57E+00,5.08E-02,1.30E+00,5.04E+00,8.45E+05,5.47E+05,4.30E+04,1.70E+04,7.06E+03,4.89E+03,3.05E+03,1.55E+03,8.19E+02,3.46E+02,p3Zarc,B,1.00E-09,1.59E+04,6.31E-01,2024-11-19/15:00:56
BC29251-2024-11-08.z,9.25E+02,1.49E+05,1.27E+05,1.13E-09,1.35E-11,6.67E-01,9.29E+04,9.32E+02,1.11E-09,1.33E-11,1.00E+00,1.26E+00,1.59E+00,5.00E-01,1.00E-01,1.63E+10,7.74E-11,9.77E-11,2.11E+04,1.07E-05,1.87E-07,2.70E-01,4.05E+01,9.01E+05,2.14E-07,3.75E-09,1.00E+10,8.60E-04,5.68E-01,-1.87E+00,1.45E+05,4.22E+01,7.10E-02,4.97E+00,1.57E+01,1.50E+05,8.91E+04,1.07E+04,6.50E+03,3.37E+03,2.58E+03,1.83E+03,1.08E+03,6.26E+02,2.83E+02,p3Zarc,B,1.00E-09,1.59E+05,1.59E-01,2024-11-19/15:03:24
BC29253-2024-11-08.z,2.10E+03,3.85E+05,3.20E+05,1.79E-09,1.61E-11,6.13E-01,3.10E+04,2.11E+03,1.77E-09,1.59E-11,1.00E+00,1.26E+00,1.59E+00,5.00E-01,1.00E-01,1.04E+11,1.21E-11,1.53E-11,6.21E+04,4.60E-06,1.72E-07,2.76E-01,1.49E+01,2.00E+06,1.20E-07,4.50E-09,1.00E+10,2.82E-05,5.30E-01,1.33E-02,3.73E+05,3.31E+00,9.99E-02,6.94E+00,2.17E+01,3.90E+05,2.49E+05,3.89E+04,2.32E+04,1.21E+04,9.29E+03,6.61E+03,3.92E+03,2.28E+03,1.03E+03,p3Zarc,B,1.00E-09,3.98E+04,6.31E-02,2024-11-19/15:04:05
BC29255-2024-11-06.z,8.63E+02,1.61E+05,1.51E+05,6.61E-10,1.09E-11,6.92E-01,9.68E+04,8.68E+02,6.54E-10,1.08E-11,1.00E+00,1.26E+00,1.59E+00,5.00E-01,1.00E-01,2.31E+10,5.47E-11,6.90E-11,8.80E+03,4.49E-05,5.07E-06,2.99E-01,3.57E+00,2.78E+06,1.34E-07,1.52E-08,1.00E+10,1.36E-04,5.09E-01,1.07E-02,1.59E+05,1.72E+00,3.56E-02,3.04E+00,9.43E+00,1.63E+05,9.21E+04,5.81E+03,3.85E+03,2.16E+03,1.68E+03,1.20E+03,7.21E+02,4.19E+02,1.90E+02,p3Zarc,B,1.00E-09,1.00E+05,1.59E-01,2024-11-19/15:04:39
BC29255-2024-11-08.z,1.00E+02,7.63E+04,5.57E+04,1.14E-10,7.85E-12,8.17E-01,3.64E+05,1.00E+02,1.14E-10,7.82E-12,1.00E+00,1.26E+00,1.59E+00,5.00E-01,1.00E-01,3.12E+09,4.05E-10,5.11E-10,2.04E+04,6.63E-06,6.66E-08,3.03E-01,1.17E+02,2.08E+05,4.75E-07,4.78E-09,1.00E+10,1.17E-03,4.88E-01,-7.74E-02,7.43E+04,8.21E+01,1.17E-01,6.64E+00,2.17E+01,7.59E+04,4.63E+04,8.88E+03,5.16E+03,2.46E+03,1.83E+03,1.26E+03,7.28E+02,4.16E+02,1.86E+02,p3Zarc,D,1.00E-09,6.31E+05,3.98E-02,2024-11-19/15:05:34
BC29261-2024-11-08.z,6.23E+01,1.77E+08,4.78E+04,3.08E-11,2.52E-12,8.43E-01,1.32E+06,6.23E+01,3.08E-11,2.52E-12,1.00E+00,1.26E+00,1.59E+00,5.00E-01,1.00E-01,2.29E+09,5.51E-10,6.96E-10,1.77E+08,1.22E-09,4.26E-11,3.14E-01,2.12E+01,4.79E+04,1.22E-09,4.25E-11,1.00E+10,2.27E-04,1.07E+00,1.44E-01,1.46E+08,1.06E+01,7.37E-01,4.88E+01,1.52E+02,1.59E+08,1.56E+08,1.17E+08,6.86E+07,3.47E+07,2.66E+07,1.90E+07,1.13E+07,6.53E+06,2.95E+06,p3Zarc,D,1.00E-09,1.00E+06,2.51E-02,2024-11-19/15:06:20
BC29263-2024-11-08.z,1.10E-05,6.30E+03,3.70E+03,3.77E-11,4.80E-11,1.02E+00,8.96E+05,1.10E-05,3.77E-11,4.80E-11,1.00E+00,1.26E+00,1.59E+00,5.00E-01,1.00E-01,1.37E+07,9.20E-08,1.16E-07,2.59E+03,5.99E-06,5.76E-09,3.75E-01,1.07E+04,8.99E+03,1.02E-06,9.77E-10,1.00E+10,3.95E-03,8.08E-01,5.28E-01,6.27E+03,1.52E+01,5.37E-02,1.43E+00,5.27E+00,6.36E+03,3.75E+03,3.42E+02,1.39E+02,5.16E+01,3.62E+01,2.37E+01,1.30E+01,7.25E+00,3.19E+00,p3Zarc,D,1.00E-09,6.31E+05,2.51E-01,2024-11-19/15:06:52
BC29266-2024-11-08.z,1.68E-05,2.92E+06,1.67E+04,3.04E-11,1.22E-11,9.41E-01,7.84E+05,1.68E-05,3.04E-11,1.22E-11,1.00E+00,1.26E+00,1.59E+00,5.00E-01,1.00E-01,2.78E+08,4.53E-09,5.72E-09,2.91E+06,5.55E-08,4.06E-10,2.71E-01,1.35E+02,1.68E+04,5.49E-08,4.02E-10,1.00E+10,1.45E-03,7.58E-01,4.54E-01,2.57E+06,2.76E+00,4.36E-01,2.95E+01,9.26E+01,2.77E+06,2.38E+06,1.21E+06,7.30E+05,3.72E+05,2.83E+05,2.00E+05,1.18E+05,6.83E+04,3.08E+04,p3Zarc,D,1.00E-09,1.00E+06,2.51E-02,2024-11-19/15:07:23
BC29266-2024-11-08.z,1.68E-05,2.92E+06,1.67E+04,3.04E-11,1.22E-11,9.41E-01,7.84E+05,1.68E-05,3.04E-11,1.22E-11,1.00E+00,1.26E+00,1.59E+00,5.00E-01,1.00E-01,2.78E+08,4.53E-09,5.72E-09,2.91E+06,5.55E-08,4.06E-10,2.71E-01,1.35E+02,1.68E+04,5.49E-08,4.02E-10,1.00E+10,1.45E-03,7.58E-01,4.54E-01,2.57E+06,2.76E+00,4.36E-01,2.95E+01,9.26E+01,2.77E+06,2.38E+06,1.21E+06,7.30E+05,3.72E+05,2.83E+05,2.00E+05,1.18E+05,6.83E+04,3.08E+04,p3Zarc,D,1.00E-09,1.00E+06,2.51E-02,2024-11-19/15:08:23
file,Rinf,Ro,Rh,Qh,Ch,Ph,Fh,pRh,pQh,pCh,Rm,Qm,Cm,Pm,Fm,pRm,pQm,pCm,Rl,Ql,Cl,Pl,Fl,pRl,pQl,pCl,Re,Qe,Pe-f,Pe-i,Res.1Hz,mismatch,m0,mx,mt,Vp,V(.1ms),V(1ms),V(10),V(100),V(200),V(400),V(800),V(1.2s),V(1.6s),model,comment,Linf,Fhigh,Flow,date/time
file,Rinf,Ro,Rh,Qh,Ch,Ph,Fh,pRh,pQh,pCh,Rm,Qm,Cm,Pm,Fm,pRm,pQm,pCm,Rl,Ql,Cl,Pl,Fl,pRl,pQl,pCl,Re,Qe,Pe-f,Pe-i,resistance,mismatch,m0,mx,mt,Vp,V(.1ms),V(1ms),V(10),V(100),V(200),V(400),V(800),V(1.2s),V(1.6s),model,comment,Linf,Fhigh,Flow,date/time
BC29148-2024-11-08.z,-31214.847451000773,125190.06142137374,156403.1777163569,1.0356762227030031e-09,5.183765149370532e-12,0.6223054542847314,196304.04174883536,-24985.007906715426,1.6165437283233446e-09,-3.244975326499468e-11,1.0,0.012615573025799747,0.00015916050103811856,0.5000028084486728,999.9650796134282,15672243222.958149,8.049563852715527e-13,1.0155566039516639e-14,0.7311560176082866,0.08703395207614101,6.838618508253741e-05,0.27814351053531644,3183.0370635316476,21435178768.667435,2.968719170916548e-12,2.3326593766252823e-15,9998474324.104696,0.00010614451516487229,0.025740226393728294,0.9881169797258071,1.25e+5,16382885.42947477,0.000986715728959748,0.038656191148193096,2.844625328660521,1,0.9628151046515658,0.6281510465156578,0.000986715728959748,0.00022958494591641574,0.00014720512458117442,9.285079772788866e-05,5.59135754552525e-05,3.934566553801028e-05,2.9027805524826287e-05,,,1.0001627289168921e-09,158489.3,0.398,2024-11-21
BC29150-2024-11-08.z,-50120.098700012844,20451.432140801622,69242.71424591441,3.071168978994718e-09,1.5311151809965538e-13,0.4605013279923053,15011987.207312956,-13841.562812791346,4.026774333840186e-08,-7.659436466043517e-13,1.0,0.012615411891397223,0.00015915773854463137,0.5000032766021019,999.982435960943,365693547.9319021,3.4495419144262505e-11,4.3522162052000173e-13,1327.8165949000575,2.4718398904667256e-05,7.152855611258232e-07,0.49095096206317423,167.57243526642742,294547.70118551096,1.0419552561427611e-07,3.2244965224056807e-09,10002217770.077307,0.0006581436430858426,0.081087606430948,1.0,2.04e+4,6071159.594057811,0.010731147049676447,0.7605935220622071,5.414203672386101,1,0.9634662168378487,0.6346621683784877,0.010731147049676447,0.003491219593813555,0.0024590301260972633,0.0016986659007952507,0.0011153493687385647,0.0008233843068675896,0.0006276203258790716,,,1.0000544872423428e-09,398107.2,0.063,2024-11-21
BC29153-2024-11-06.z,-41738.38897038319,409730.9945155834,142897.5739876188,7.250346901499507e-08,1.00730878144225e-11,0.33972612945710884,110568.81519104063,-29547.187501882774,1.4467645349102417e-07,-4.871596699866947e-11,1.0,0.012615068425529667,0.00015914871466942654,0.5000031481309021,1000.0391358640989,10233281872.536322,1.232736855953976e-12,1.555206986886031e-14,308570.8094983478,3.2071575680108172e-06,3.1471596208469823e-06,0.3555496008233102,0.16388776074142938,134323.99286204771,1.818998501824118e-06,7.229695686775926e-06,10000989222.22247,2.1437903955641675e-05,0.5585019308447225,1.0,2.78e+5,177527753.60319576,0.5801205785969009,164.34828762399707,490.65642177927936,1,0.9866910748856494,0.8669107488564947,0.5801205785969009,0.4319674002500754,0.3772198115915318,0.3165861368000022,0.24698363314867586,0.19955269085341076,0.16142956963195923,,,1.0002015181377522e-09,1000000.0,0.100,2024-11-21
BC29153-2024-11-07.z,-101558.85029938695,580423.8806626259,84296.65387313579,1.436391341077617e-06,8.66183619626971e-08,0.429151735729672,21.79715584423615,20797.134193851467,3.4253215096170264e-05,3.510886648789403e-07,1.0,0.01261543139638308,0.00015915457391951817,0.5000019630239332,1000.0023195838365,297966163.2620521,4.234092258411619e-11,5.341364005131905e-13,597685.0770888771,1.0260457735934433e-06,3.819498684073909e-08,0.12936832536411674,6.9717427598375945,-16762.69158902679,1.0879802604376926e-06,-1.3618680229886144e-06,10001619895.987715,7.224180464469976e-06,0.30267359894727186,1.0,3.64e+5,133483321.43967614,0.5281964041409767,186.8967634152488,548.1474672823718,1,0.984997758588904,0.8499775858890398,0.5281964041409767,0.4152485993590951,0.379703355003303,0.3382340942202514,0.28335196241965244,0.23974002001011904,0.20072993998651217,,,9.99829036951818e-10,398107.2,0.100,2024-11-21
BC29154-2024-11-06.z,-27070.86170397378,52884.55722431799,72862.76866346766,1.4227576684237682e-10,1.8278299291316794e-12,0.7249394157371329,1195029.6416662931,-17013.166027044263,3.602175060467862e-10,-7.828099077548464e-12,1.0,0.012614844368943588,0.00015914529268882112,0.5000039496811979,1000.0606389476633,2096944534.893904,6.015690297519357e-12,7.58938970681326e-14,7091.6502648241085,4.2981904393207284e-05,2.2442582275450996e-09,0.10753390893808668,9999.999909198954,341491.4044167531,7.728986127966607e-07,4.660584204421368e-11,9998625856.696213,100.0,0.9998588769968523,1.0,5.13e+4,101499814.8449853,0.0383037106679076,14.193295934036389,43.989251832952505,1,0.9643146107100996,0.6431461071009956,0.0383037106679076,0.030978434852757628,0.028524728821275172,0.02556501948454477,0.021532243983500034,0.018270649844905167,0.01532760802361938,,,1.0001564007004637e-09,398107.2,0.251,2024-11-21
BC29155-2024-11-06.z,-16774.639647132,43986.929821751946,54660.06355927813,3.0784619268280017e-10,4.290213785689589e-12,0.7200759306179482,678689.398342277,-11626.66657560473,6.408106919479971e-10,-2.0169440370873206e-11,1.0,0.012615401815771038,0.00015914769295169323,0.49999975930663937,1000.0455560496521,1435343230.426926,8.788886566550816e-12,1.1087779534401442e-13,6100.505909605816,5.932930592690838e-05,2.6088811490052927e-09,0.09198589749419046,9999.999649538724,273175.2898061528,1.1411787376331995e-06,5.826110728484905e-11,9999658171.657516,100.0,0.9999858889953266,1.0,4.24e+4,113514324.48369172,0.042830490858582336,16.87083031811646,51.60386958313704,1,0.9644734360263308,0.6447343602633089,0.042830490858582336,0.03578774228906922,0.0332856396095907,0.03012957633683962,0.02562377271904585,0.021862981922620768,0.018412356054018295,,,1.0001056332444058e-09,398107.2,0.100,2024-11-21
BC29157-2024-11-06.z,-12532.358449296917,68268.46741530125,68956.8110293292,1.7697730285217713e-10,6.130058684023521e-12,0.7708718986788696,376511.5736563292,-10254.700797250594,2.643243673189762e-10,-4.122102698366798e-11,1.0,0.01261530662526638,0.0001591563575029747,0.500003734618833,999.991113072066,3183775273.4088917,3.9623032303427265e-12,4.9989821465183006e-14,11843.014835268961,1.0640687623792441e-05,1.3438788018451959e-09,0.18748118628418026,9999.948303559004,325261.7027365293,3.2022404111333294e-07,4.893160323872551e-11,10001519443.663717,100.0,0.1039456942540786,1.0,6.71e+4,2775428.473016879,0.031406704411718944,8.193078294427696,27.145652893021275,1,0.9641734345411197,0.6417343454111972,0.031406704411718944,0.02100826776157454,0.018267788581125693,0.015477701351346483,0.012346396480127156,0.010158694661132011,0.008341922552446195,,,1.0001469599168715e-09,398107.2,0.100,2024-11-21
BC29161-2024-11-06.z,-11158.923811500797,35804.536796049295,41431.68896830402,1.1338845870828303e-10,4.75446358701307e-12,0.7945785098680227,807952.7589536009,-8153.456650214162,2.1238798457002076e-10,-2.4159747822180238e-11,1.0,0.012615978787404194,0.00015916527858388096,0.5000008469299251,999.9350644055188,916470583.004116,1.3765375879599683e-11,1.7367199944612528e-13,5530.7716392460725,2.0720667663912606e-05,2.87765316020628e-09,0.1960767095511561,9999.906898595942,195983.1664030651,4.944234723416893e-07,8.120923229356915e-11,9997810807.981134,100.0,0.968047916340727,1.0,3.53e+4,331762.3556738425,0.026487092593901748,6.647157571443138,22.59673832473601,1,0.9639583401276692,0.6395834012766928,0.026487092593901748,0.017350259111389068,0.014991415088594135,0.012623011126911348,0.010009163977981942,0.008207912214017274,0.006724325863495957,,,1.000111678112433e-09,630957.3,0.158,2024-11-21
BC29164-2024-11-06.z,-399999.9918754303,46177953.492414996,46577952.27170807,2.300288559221261e-10,1.54827033045406e-11,0.6270064713473606,220.69523102153477,-396564.89038004895,2.3403120095754954e-10,-1.8184983921919827e-09,1.0,0.012614675255097928,0.0001591439494376238,0.500005,1000.0690799386994,2132403322936452.8,5.915707805478119e-18,7.463126122804605e-20,0.2125823607131237,0.0005590091454118792,7.486742710894759e-05,0.8180297469113669,9999.999945871454,1.0030951635769378e+16,1.1846880292101387e-20,1.5866385337343986e-21,10002302850.208242,100.0,1.0,1.0,4.60e+7,527991410157.6852,0.054570388685212946,1.9840801797343004,11.123711989176998,1,0.9677213210486701,0.677213210486701,0.054570388685212946,0.012022854563204295,0.007643716539919347,0.004788462767334684,0.0028671611577504325,0.002011673605325232,0.0014812697789742982,,,9.998824161187793e-10,251.2,15.849,2024-11-21
BC29165-2024-11-06.z,-399999.99911826785,219069.51000092275,611205.3237914124,1.3234121190397935e-09,3.966239831341933e-14,0.4060330382840121,6565291.771394923,-138222.17574770786,1.1083058824353902e-08,-1.7538335561831462e-13,1.0,0.012614675255097928,0.0001591439494376238,0.500005,1000.0690799386994,44607900375.613075,2.8278882041278184e-13,3.567618025004088e-15,7863.185327778202,2.0240522500234e-09,2.0240517863625847e-09,0.9999999792658368,10000.0,5884239.544982869,2.6076834405172887e-12,2.704766552673693e-12,10002302850.208242,100.0,1.0,1.0,2.19e+5,2878651542.577854,0.007272194503933256,0.6939962712849064,5.034674998688458,1,0.963204039170937,0.6320403917093695,0.007272194503933256,0.0027705593119915113,0.002051622480884379,0.0014887750667905485,0.001024932307167042,0.0007769058512014492,0.0006030212524932985,,,1.0001164868009017e-09,100000.0,0.631,2024-11-21
file,Rinf,Ro,Rh,Qh,Ch,Ph,Fh,pRh,pQh,pCh,Rm,Qm,Cm,Pm,Fm,pRm,pQm,pCm,Rl,Ql,Cl,Pl,Fl,pRl,pQl,pCl,Re,Qe,Pe-f,Pe-i,resistance,mismatch,m0,mx,mt,Vp,V(.1ms),V(1ms),V(10),V(100),V(200),V(400),V(800),V(1.2s),V(1.6s),model,comment,Linf,Fhigh,Flow,date/time
BC29263-2024-11-08.z,-1130.3216667397767,6193.202409843502,5473.779599420577,3.229216743626565e-10,2.986954076146962e-11,0.8476576931938912,973428.997998071,-896.9130964647461,5.128620567367073e-10,-1.8229110881381835e-10,1.0,0.012615925576499864,0.0001591645287325726,0.5000010598564011,999.9397752705731,18869970.270900454,6.684176754363052e-10,8.43480548445917e-12,1848.7444771627015,4.323344845258444e-06,2.2741374867790434e-08,0.4792404928147119,3785.528540844528,14553.718845686939,3.852504093064304e-07,2.8888143048313632e-09,10000870150.604128,0.0021541520463803105,0.3719824908332683,0.726470467515486,6259,17632.301013698412,0.00905699243127374,0.640746845499841,4.983617182367316,1,0.9633793646670669,0.6337936466706684,0.00905699243127374,0.002926299361904094,0.002064260764853456,0.0014286350847552234,0.0009398862042205635,0.0006946314113160308,0.0005298883948791118,,,9.998308232247063e-10,1000000.0,0.398,2024-11-21
BC29266-2024-11-08.z,-38645.9329553312,2521334.938679981,1393143.1286907804,9.608608957996159e-08,6.477749027523921e-09,0.4271506527459993,17.636007571404523,-37573.890820370165,1.0164728269405352e-07,-2.4017825543331447e-07,1.0,0.012615755923269618,0.0001591504441084538,0.49999753812098574,1000.0282687457565,1834664007752.3916,6.876325341311208e-15,8.67463706901983e-17,1166836.742944532,2.2916648666316042e-09,4.255563017977995e-11,0.5977739646045646,3205.1843181713743,2926839.290875098,4.908063979296063e-10,1.6965561815346524e-11,10002302775.160591,1.2916570932354334e-06,0.27415222994772287,0.17390843909978776,2.63e+6,11387107997.666565,0.19419344123372131,21.143217166586513,73.27629692717726,1,0.9733298026695293,0.7332980266952926,0.19419344123372131,0.08372464830364432,0.06254151765757728,0.045463655107450866,0.031212682296859823,0.023589464643495452,0.01826389944411708,,,9.999455709421653e-10,1000000.0,0.100,2024-11-21
pattito
pattito
pattito
pattito
pattito
pattito
pattito
pattito
pattito
pattito
pattito
pattito
